lon,lat,type,a
-87.1,37.600000,GR,0.17081000
-87.0,37.600000,GR,0.13335000
-86.9,37.600000,GR,0.10263000
-86.8,37.600000,GR,0.079365000
-86.7,37.600000,GR,0.062590000
-86.6,37.600000,GR,0.050697000
-88.4,37.700000,GR,1.0357000
-88.3,37.700000,GR,0.87239000
-88.2,37.700000,GR,0.64803000
-88.1,37.700000,GR,0.45683000
-88.0,37.700000,GR,0.34265000
-87.9,37.700000,GR,0.30074000
-87.8,37.700000,GR,0.30498000
-87.7,37.700000,GR,0.32775000
-87.6,37.700000,GR,0.34765000
-87.5,37.700000,GR,0.35152000
-87.4,37.700000,GR,0.33451000
-87.3,37.700000,GR,0.29905000
-87.2,37.700000,GR,0.25229000
-87.1,37.700000,GR,0.20280000
-87.0,37.700000,GR,0.15756000
-86.9,37.700000,GR,0.12049000
-86.8,37.700000,GR,0.092426000
-86.7,37.700000,GR,0.072219000
-86.6,37.700000,GR,0.057938000
-86.5,37.700000,GR,0.048112000
-89.0,37.800000,GR,0.24545000
-88.9,37.800000,GR,0.30780000
-88.8,37.800000,GR,0.43583000
-88.7,37.800000,GR,0.62463000
-88.6,37.800000,GR,0.82571000
-88.5,37.800000,GR,0.95649000
-88.4,37.800000,GR,0.95241000
-88.3,37.800000,GR,0.81969000
-88.2,37.800000,GR,0.62996000
-88.1,37.800000,GR,0.46341000
-88.0,37.800000,GR,0.36242000
-87.9,37.800000,GR,0.32739000
-87.8,37.800000,GR,0.33617000
-87.7,37.800000,GR,0.36217000
-87.6,37.800000,GR,0.38358000
-87.5,37.800000,GR,0.38681000
-87.4,37.800000,GR,0.36721000
-87.3,37.800000,GR,0.32784000
-87.2,37.800000,GR,0.27660000
-87.1,37.800000,GR,0.22269000
-87.0,37.800000,GR,0.17350000
-86.9,37.800000,GR,0.13308000
-86.8,37.800000,GR,0.10233000
-86.7,37.800000,GR,0.080019000
-86.6,37.800000,GR,0.064129000
-86.5,37.800000,GR,0.052713000
-89.3,37.900000,GR,0.23096000
-89.2,37.900000,GR,0.20110000
-89.1,37.900000,GR,0.18445000
-89.0,37.900000,GR,0.19160000
-88.9,37.900000,GR,0.23612000
-88.8,37.900000,GR,0.32783000
-88.7,37.900000,GR,0.45968000
-88.6,37.900000,GR,0.59732000
-88.5,37.900000,GR,0.68844000
-88.4,37.900000,GR,0.69430000
-88.3,37.900000,GR,0.61846000
-88.2,37.900000,GR,0.50382000
-88.1,37.900000,GR,0.40152000
-88.0,37.900000,GR,0.34239000
-87.9,37.900000,GR,0.32980000
-87.8,37.900000,GR,0.34872000
-87.7,37.900000,GR,0.37802000
-87.6,37.900000,GR,0.39903000
-87.5,37.900000,GR,0.40006000
-87.4,37.900000,GR,0.37784000
-87.3,37.900000,GR,0.33639000
-87.2,37.900000,GR,0.28398000
-87.1,37.900000,GR,0.22962000
-87.0,37.900000,GR,0.18027000
-86.9,37.900000,GR,0.13963000
-86.8,37.900000,GR,0.10844000
-86.7,37.900000,GR,0.085503000
-86.6,37.900000,GR,0.068908000
-86.5,37.900000,GR,0.056814000
-86.4,37.900000,GR,0.048149000
-89.4,38.000000,GR,0.25975000
-89.3,38.000000,GR,0.21503000
-89.2,38.000000,GR,0.17855000
-89.1,38.000000,GR,0.15476000
-89.0,38.000000,GR,0.14968000
-88.9,38.000000,GR,0.17007000
-88.8,38.000000,GR,0.21944000
-88.7,38.000000,GR,0.29183000
-88.6,38.000000,GR,0.36813000
-88.5,38.000000,GR,0.42208000
-88.4,38.000000,GR,0.43513000
-88.3,38.000000,GR,0.40880000
-88.2,38.000000,GR,0.36357000
-88.1,38.000000,GR,0.32555000
-88.0,38.000000,GR,0.31205000
-87.9,38.000000,GR,0.32513000
-87.8,38.000000,GR,0.35464000
-87.7,38.000000,GR,0.38547000
-87.6,38.000000,GR,0.40367000
-87.5,38.000000,GR,0.40052000
-87.4,38.000000,GR,0.37476000
-87.3,38.000000,GR,0.33162000
-87.2,38.000000,GR,0.27960000
-87.1,38.000000,GR,0.22704000
-87.0,38.000000,GR,0.17993000
-86.9,38.000000,GR,0.14119000
-86.8,38.000000,GR,0.11119000
-86.7,38.000000,GR,0.088773000
-86.6,38.000000,GR,0.072244000
-86.5,38.000000,GR,0.059975000
-86.4,38.000000,GR,0.050724000
-89.5,38.100000,GR,0.32246000
-89.4,38.100000,GR,0.26419000
-89.3,38.100000,GR,0.21344000
-89.2,38.100000,GR,0.17195000
-89.1,38.100000,GR,0.14199000
-89.0,38.100000,GR,0.12632000
-88.9,38.100000,GR,0.12770000
-88.8,38.100000,GR,0.14700000
-88.7,38.100000,GR,0.18046000
-88.6,38.100000,GR,0.21890000
-88.5,38.100000,GR,0.25103000
-88.4,38.100000,GR,0.26946000
-88.3,38.100000,GR,0.27518000
-88.2,38.100000,GR,0.27781000
-88.1,38.100000,GR,0.29175000
-88.0,38.100000,GR,0.32531000
-87.9,38.100000,GR,0.36649000
-87.8,38.100000,GR,0.39366000
-87.7,38.100000,GR,0.40537000
-87.6,38.100000,GR,0.40817000
-87.5,38.100000,GR,0.39624000
-87.4,38.100000,GR,0.36540000
-87.3,38.100000,GR,0.32023000
-87.2,38.100000,GR,0.26897000
-87.1,38.100000,GR,0.21904000
-87.0,38.100000,GR,0.17517000
-86.9,38.100000,GR,0.13931000
-86.8,38.100000,GR,0.11138000
-86.7,38.100000,GR,0.090203000
-86.6,38.100000,GR,0.074292000
-86.5,38.100000,GR,0.062264000
-86.4,38.100000,GR,0.053056000
-86.3,38.100000,GR,0.046597000
-89.5,38.200000,GR,0.33975000
-89.4,38.200000,GR,0.27690000
-89.3,38.200000,GR,0.22556000
-89.2,38.200000,GR,0.18667000
-89.1,38.200000,GR,0.15844000
-89.0,38.200000,GR,0.13666000
-88.9,38.200000,GR,0.12149000
-88.8,38.200000,GR,0.11810000
-88.7,38.200000,GR,0.12845000
-88.6,38.200000,GR,0.14836000
-88.5,38.200000,GR,0.17234000
-88.4,38.200000,GR,0.19800000
-88.3,38.200000,GR,0.22809000
-88.2,38.200000,GR,0.27825000
-88.1,38.200000,GR,0.39149000
-88.0,38.200000,GR,0.59810000
-87.9,38.200000,GR,0.78285000
-87.8,38.200000,GR,0.74069000
-87.7,38.200000,GR,0.55360000
-87.6,38.200000,GR,0.43735000
-87.5,38.200000,GR,0.39021000
-87.4,38.200000,GR,0.35050000
-87.3,38.200000,GR,0.30340000
-87.2,38.200000,GR,0.25369000
-87.1,38.200000,GR,0.20719000
-87.0,38.200000,GR,0.16726000
-86.9,38.200000,GR,0.13488000
-86.8,38.200000,GR,0.10956000
-86.7,38.200000,GR,0.090116000
-86.6,38.200000,GR,0.075253000
-86.5,38.200000,GR,0.063818000
-86.4,38.200000,GR,0.054921000
-86.3,38.200000,GR,0.048188000
-89.6,38.300000,GR,0.43828000
-89.5,38.300000,GR,0.36067000
-89.4,38.300000,GR,0.30344000
-89.3,38.300000,GR,0.27635000
-89.2,38.300000,GR,0.28783000
-89.1,38.300000,GR,0.31231000
-89.0,38.300000,GR,0.29608000
-88.9,38.300000,GR,0.22882000
-88.8,38.300000,GR,0.15956000
-88.7,38.300000,GR,0.12698000
-88.6,38.300000,GR,0.12894000
-88.5,38.300000,GR,0.15121000
-88.4,38.300000,GR,0.18835000
-88.3,38.300000,GR,0.24633000
-88.2,38.300000,GR,0.36762000
-88.1,38.300000,GR,0.69648000
-88.0,38.300000,GR,1.3865000
-87.9,38.300000,GR,2.0634000
-87.8,38.300000,GR,1.8563000
-87.7,38.300000,GR,1.0349000
-87.6,38.300000,GR,0.53482000
-87.5,38.300000,GR,0.38561000
-87.4,38.300000,GR,0.32801000
-87.3,38.300000,GR,0.27919000
-87.2,38.300000,GR,0.23262000
-87.1,38.300000,GR,0.19109000
-87.0,38.300000,GR,0.15623000
-86.9,38.300000,GR,0.12811000
-86.8,38.300000,GR,0.10599000
-86.7,38.300000,GR,0.088753000
-86.6,38.300000,GR,0.075337000
-86.5,38.300000,GR,0.064809000
-86.4,38.300000,GR,0.056458000
-86.3,38.300000,GR,0.049764000
-86.2,38.300000,GR,0.045331000
-89.6,38.400000,GR,0.46430000
-89.5,38.400000,GR,0.39460000
-89.4,38.400000,GR,0.36879000
-89.3,38.400000,GR,0.43903000
-89.2,38.400000,GR,0.64815000
-89.1,38.400000,GR,0.88265000
-89.0,38.400000,GR,0.90116000
-88.9,38.400000,GR,0.65405000
-88.8,38.400000,GR,0.35762000
-88.7,38.400000,GR,0.18739000
-88.6,38.400000,GR,0.14066000
-88.5,38.400000,GR,0.15725000
-88.4,38.400000,GR,0.20810000
-88.3,38.400000,GR,0.29416000
-88.2,38.400000,GR,0.45985000
-88.1,38.400000,GR,0.88292000
-88.0,38.400000,GR,1.7975000
-87.9,38.400000,GR,2.7426000
-87.8,38.400000,GR,2.5038000
-87.7,38.400000,GR,1.3625000
-87.6,38.400000,GR,0.61431000
-87.5,38.400000,GR,0.37743000
-87.4,38.400000,GR,0.29926000
-87.3,38.400000,GR,0.24829000
-87.2,38.400000,GR,0.20607000
-87.1,38.400000,GR,0.17099000
-87.0,38.400000,GR,0.14237000
-86.9,38.400000,GR,0.11936000
-86.8,38.400000,GR,0.10102000
-86.7,38.400000,GR,0.086446000
-86.6,38.400000,GR,0.074817000
-86.5,38.400000,GR,0.065451000
-86.4,38.400000,GR,0.057824000
-86.3,38.400000,GR,0.051548000
-86.2,38.400000,GR,0.046910000
-89.7,38.500000,GR,0.58200000
-89.6,38.500000,GR,0.50057000
-89.5,38.500000,GR,0.45654000
-89.4,38.500000,GR,0.48366000
-89.3,38.500000,GR,0.69366000
-89.2,38.500000,GR,1.1793000
-89.1,38.500000,GR,1.7054000
-89.0,38.500000,GR,1.7678000
-88.9,38.500000,GR,1.2628000
-88.8,38.500000,GR,0.64342000
-88.7,38.500000,GR,0.27831000
-88.6,38.500000,GR,0.16231000
-88.5,38.500000,GR,0.16788000
-88.4,38.500000,GR,0.23025000
-88.3,38.500000,GR,0.33857000
-88.2,38.500000,GR,0.50405000
-88.1,38.500000,GR,0.80074000
-88.0,38.500000,GR,1.3537000
-87.9,38.500000,GR,1.9122000
-87.8,38.500000,GR,1.7845000
-87.7,38.500000,GR,1.0852000
-87.6,38.500000,GR,0.56332000
-87.5,38.500000,GR,0.35485000
-87.4,38.500000,GR,0.26800000
-87.3,38.500000,GR,0.21492000
-87.2,38.500000,GR,0.17723000
-87.1,38.500000,GR,0.14910000
-87.0,38.500000,GR,0.12720000
-86.9,38.500000,GR,0.10966000
-86.8,38.500000,GR,0.095396000
-86.7,38.500000,GR,0.083708000
-86.6,38.500000,GR,0.074050000
-86.5,38.500000,GR,0.065982000
-86.4,38.500000,GR,0.059170000
-86.3,38.500000,GR,0.053370000
-86.2,38.500000,GR,0.048542000
-86.1,38.500000,GR,0.045171000
-89.8,38.600000,GR,0.67292000
-89.7,38.600000,GR,0.59334000
-89.6,38.600000,GR,0.55054000
-89.5,38.600000,GR,0.54568000
-89.4,38.600000,GR,0.60001000
-89.3,38.600000,GR,0.81434000
-89.2,38.600000,GR,1.2809000
-89.1,38.600000,GR,1.7755000
-89.0,38.600000,GR,1.8088000
-88.9,38.600000,GR,1.2842000
-88.8,38.600000,GR,0.65335000
-88.7,38.600000,GR,0.28125000
-88.6,38.600000,GR,0.16111000
-88.5,38.600000,GR,0.16580000
-88.4,38.600000,GR,0.23258000
-88.3,38.600000,GR,0.35091000
-88.2,38.600000,GR,0.51213000
-88.1,38.600000,GR,0.70198000
-88.0,38.600000,GR,0.91444000
-87.9,38.600000,GR,1.0664000
-87.8,38.600000,GR,0.98256000
-87.7,38.600000,GR,0.70714000
-87.6,38.600000,GR,0.46394000
-87.5,38.600000,GR,0.31972000
-87.4,38.600000,GR,0.23482000
-87.3,38.600000,GR,0.18245000
-87.2,38.600000,GR,0.14986000
-87.1,38.600000,GR,0.12842000
-87.0,38.600000,GR,0.11283000
-86.9,38.600000,GR,0.10042000
-86.8,38.600000,GR,0.090038000
-86.7,38.600000,GR,0.081133000
-86.6,38.600000,GR,0.073400000
-86.5,38.600000,GR,0.066613000
-86.4,38.600000,GR,0.060611000
-86.3,38.600000,GR,0.055282000
-86.2,38.600000,GR,0.050558000
-86.1,38.600000,GR,0.046919000
-89.8,38.700000,GR,0.61659000
-89.7,38.700000,GR,0.58410000
-89.6,38.700000,GR,0.59224000
-89.5,38.700000,GR,0.62962000
-89.4,38.700000,GR,0.67863000
-89.3,38.700000,GR,0.76232000
-89.2,38.700000,GR,0.92256000
-89.1,38.700000,GR,1.0752000
-89.0,38.700000,GR,1.0156000
-88.9,38.700000,GR,0.71360000
-88.8,38.700000,GR,0.38362000
-88.7,38.700000,GR,0.19288000
-88.6,38.700000,GR,0.13362000
-88.5,38.700000,GR,0.14559000
-88.4,38.700000,GR,0.20365000
-88.3,38.700000,GR,0.30746000
-88.2,38.700000,GR,0.44779000
-88.1,38.700000,GR,0.59151000
-88.0,38.700000,GR,0.69416000
-87.9,38.700000,GR,0.71834000
-87.8,38.700000,GR,0.64864000
-87.7,38.700000,GR,0.51672000
-87.6,38.700000,GR,0.37976000
-87.5,38.700000,GR,0.27083000
-87.4,38.700000,GR,0.19657000
-87.3,38.700000,GR,0.15160000
-87.2,38.700000,GR,0.12610000
-87.1,38.700000,GR,0.11109000
-87.0,38.700000,GR,0.10091000
-86.9,38.700000,GR,0.092806000
-86.8,38.700000,GR,0.085688000
-86.7,38.700000,GR,0.079173000
-86.6,38.700000,GR,0.073120000
-86.5,38.700000,GR,0.067468000
-86.4,38.700000,GR,0.062189000
-86.3,38.700000,GR,0.057279000
-86.2,38.700000,GR,0.052755000
-86.1,38.700000,GR,0.048697000
-86.0,38.700000,GR,0.045764000
-89.8,38.800000,GR,0.52426000
-89.7,38.800000,GR,0.53378000
-89.6,38.800000,GR,0.58181000
-89.5,38.800000,GR,0.64917000
-89.4,38.800000,GR,0.69472000
-89.3,38.800000,GR,0.69083000
-89.2,38.800000,GR,0.64487000
-89.1,38.800000,GR,0.56767000
-89.0,38.800000,GR,0.45039000
-88.9,38.800000,GR,0.30743000
-88.8,38.800000,GR,0.18872000
-88.7,38.800000,GR,0.12408000
-88.6,38.800000,GR,0.10467000
-88.5,38.800000,GR,0.11503000
-88.4,38.800000,GR,0.15274000
-88.3,38.800000,GR,0.22172000
-88.2,38.800000,GR,0.31689000
-88.1,38.800000,GR,0.41517000
-88.0,38.800000,GR,0.48303000
-87.9,38.800000,GR,0.49581000
-87.8,38.800000,GR,0.45184000
-87.7,38.800000,GR,0.37112000
-87.6,38.800000,GR,0.28200000
-87.5,38.800000,GR,0.20660000
-87.4,38.800000,GR,0.15432000
-87.3,38.800000,GR,0.12341000
-87.2,38.800000,GR,0.10689000
-87.1,38.800000,GR,0.097921000
-87.0,38.800000,GR,0.092097000
-86.9,38.800000,GR,0.087279000
-86.8,38.800000,GR,0.082654000
-86.7,38.800000,GR,0.077995000
-86.6,38.800000,GR,0.073278000
-86.5,38.800000,GR,0.068546000
-86.4,38.800000,GR,0.063861000
-86.3,38.800000,GR,0.059298000
-86.2,38.800000,GR,0.054934000
-86.1,38.800000,GR,0.050847000
-86.0,38.800000,GR,0.047454000
-89.8,38.900000,GR,0.40547000
-89.7,38.900000,GR,0.43585000
-89.6,38.900000,GR,0.49586000
-89.5,38.900000,GR,0.56687000
-89.4,38.900000,GR,0.60946000
-89.3,38.900000,GR,0.59015000
-89.2,38.900000,GR,0.50796000
-89.1,38.900000,GR,0.39215000
-89.0,38.900000,GR,0.27729000
-88.9,38.900000,GR,0.18604000
-88.8,38.900000,GR,0.12635000
-88.7,38.900000,GR,0.094487000
-88.6,38.900000,GR,0.082306000
-88.5,38.900000,GR,0.084745000
-88.4,38.900000,GR,0.10199000
-88.3,38.900000,GR,0.13609000
-88.2,38.900000,GR,0.18474000
-88.1,38.900000,GR,0.23686000
-88.0,38.900000,GR,0.27548000
-87.9,38.900000,GR,0.28688000
-87.8,38.900000,GR,0.26846000
-87.7,38.900000,GR,0.22917000
-87.6,38.900000,GR,0.18349000
-87.5,38.900000,GR,0.14394000
-87.4,38.900000,GR,0.11651000
-87.3,38.900000,GR,0.10072000
-87.2,38.900000,GR,0.092782000
-87.1,38.900000,GR,0.088797000
-87.0,38.900000,GR,0.086185000
-86.9,38.900000,GR,0.083677000
-86.8,38.900000,GR,0.080808000
-86.7,38.900000,GR,0.077487000
-86.6,38.900000,GR,0.073763000
-86.5,38.900000,GR,0.069734000
-86.4,38.900000,GR,0.065515000
-86.3,38.900000,GR,0.061226000
-86.2,38.900000,GR,0.056988000
-86.1,38.900000,GR,0.052915000
-86.0,38.900000,GR,0.049107000
-85.9,38.900000,GR,0.046274000
-89.8,39.000000,GR,0.28204000
-89.7,39.000000,GR,0.31306000
-89.6,39.000000,GR,0.36193000
-89.5,39.000000,GR,0.41539000
-89.4,39.000000,GR,0.44689000
-89.3,39.000000,GR,0.43363000
-89.2,39.000000,GR,0.37425000
-89.1,39.000000,GR,0.28962000
-89.0,39.000000,GR,0.20660000
-88.9,39.000000,GR,0.14217000
-88.8,39.000000,GR,0.099878000
-88.7,39.000000,GR,0.075519000
-88.6,39.000000,GR,0.063653000
-88.5,39.000000,GR,0.060807000
-88.4,39.000000,GR,0.065836000
-88.3,39.000000,GR,0.078664000
-88.2,39.000000,GR,0.098110000
-88.1,39.000000,GR,0.12009000
-88.0,39.000000,GR,0.13811000
-87.9,39.000000,GR,0.14635000
-87.8,39.000000,GR,0.14278000
-87.7,39.000000,GR,0.13016000
-87.6,39.000000,GR,0.11409000
-87.5,39.000000,GR,0.099916000
-87.4,39.000000,GR,0.090396000
-87.3,39.000000,GR,0.085487000
-87.2,39.000000,GR,0.083595000
-87.1,39.000000,GR,0.082984000
-87.0,39.000000,GR,0.082470000
-86.9,39.000000,GR,0.081462000
-86.8,39.000000,GR,0.079760000
-86.7,39.000000,GR,0.077361000
-86.6,39.000000,GR,0.074348000
-86.5,39.000000,GR,0.070843000
-86.4,39.000000,GR,0.066986000
-86.3,39.000000,GR,0.062920000
-86.2,39.000000,GR,0.058789000
-86.1,39.000000,GR,0.054731000
-86.0,39.000000,GR,0.050869000
-85.9,39.000000,GR,0.047588000
-89.8,39.100000,GR,0.17756000
-89.7,39.100000,GR,0.20037000
-89.6,39.100000,GR,0.23151000
-89.5,39.100000,GR,0.26338000
-89.4,39.100000,GR,0.28193000
-89.3,39.100000,GR,0.27523000
-89.2,39.100000,GR,0.24238000
-89.1,39.100000,GR,0.19407000
-89.0,39.100000,GR,0.14476000
-88.9,39.100000,GR,0.10435000
-88.8,39.100000,GR,0.075870000
-88.7,39.100000,GR,0.057955000
-88.6,39.100000,GR,0.048170000
-88.5,39.100000,GR,0.044958000
-88.4,39.100000,GR,0.045373000
-88.3,39.100000,GR,0.048795000
-88.2,39.100000,GR,0.055929000
-88.1,39.100000,GR,0.064575000
-88.0,39.100000,GR,0.072718000
-87.9,39.100000,GR,0.078388000
-87.8,39.100000,GR,0.080629000
-87.7,39.100000,GR,0.079969000
-87.6,39.100000,GR,0.078001000
-87.5,39.100000,GR,0.076382000
-87.4,39.100000,GR,0.075992000
-87.3,39.100000,GR,0.076771000
-87.2,39.100000,GR,0.078121000
-87.1,39.100000,GR,0.079379000
-87.0,39.100000,GR,0.080079000
-86.9,39.100000,GR,0.079988000
-86.8,39.100000,GR,0.079040000
-86.7,39.100000,GR,0.077270000
-86.6,39.100000,GR,0.074770000
-86.5,39.100000,GR,0.071664000
-86.4,39.100000,GR,0.068098000
-86.3,39.100000,GR,0.064225000
-86.2,39.100000,GR,0.060200000
-86.1,39.100000,GR,0.056176000
-86.0,39.100000,GR,0.052290000
-85.9,39.100000,GR,0.048663000
-85.8,39.100000,GR,0.046044000
-89.8,39.200000,GR,0.10382000
-89.7,39.200000,GR,0.11845000
-89.6,39.200000,GR,0.13613000
-89.5,39.200000,GR,0.15301000
-89.4,39.200000,GR,0.16275000
-89.3,39.200000,GR,0.16014000
-89.2,39.200000,GR,0.14460000
-89.1,39.200000,GR,0.12062000
-89.0,39.200000,GR,0.094687000
-88.9,39.200000,GR,0.071874000
-88.8,39.200000,GR,0.054499000
-88.7,39.200000,GR,0.043927000
-88.6,39.200000,GR,0.038444000
-88.5,39.200000,GR,0.036045000
-88.4,39.200000,GR,0.035968000
-88.3,39.200000,GR,0.037598000
-88.2,39.200000,GR,0.040445000
-88.1,39.200000,GR,0.044050000
-88.0,39.200000,GR,0.047923000
-87.9,39.200000,GR,0.052359000
-87.8,39.200000,GR,0.056354000
-87.7,39.200000,GR,0.059745000
-87.6,39.200000,GR,0.062804000
-87.5,39.200000,GR,0.065834000
-87.4,39.200000,GR,0.068946000
-87.3,39.200000,GR,0.072004000
-87.2,39.200000,GR,0.074740000
-87.1,39.200000,GR,0.076879000
-87.0,39.200000,GR,0.078227000
-86.9,39.200000,GR,0.078683000
-86.8,39.200000,GR,0.078226000
-86.7,39.200000,GR,0.076898000
-86.6,39.200000,GR,0.074783000
-86.5,39.200000,GR,0.071999000
-86.4,39.200000,GR,0.068686000
-86.3,39.200000,GR,0.064998000
-86.2,39.200000,GR,0.061096000
-86.1,39.200000,GR,0.057136000
-86.0,39.200000,GR,0.053267000
-85.9,39.200000,GR,0.049619000
-85.8,39.200000,GR,0.046758000
-89.8,39.300000,GR,0.058619000
-89.7,39.300000,GR,0.067617000
-89.6,39.300000,GR,0.077554000
-89.5,39.300000,GR,0.086485000
-89.4,39.300000,GR,0.091702000
-89.3,39.300000,GR,0.091057000
-89.2,39.300000,GR,0.084240000
-89.1,39.300000,GR,0.072968000
-89.0,39.300000,GR,0.059989000
-88.9,39.300000,GR,0.047948000
-88.8,39.300000,GR,0.040103000
-88.7,39.300000,GR,0.034643000
-88.6,39.300000,GR,0.031518000
-88.5,39.300000,GR,0.030386000
-88.4,39.300000,GR,0.030800000
-88.3,39.300000,GR,0.032342000
-88.2,39.300000,GR,0.034682000
-88.1,39.300000,GR,0.037579000
-88.0,39.300000,GR,0.040843000
-87.9,39.300000,GR,0.044318000
-87.8,39.300000,GR,0.047885000
-87.7,39.300000,GR,0.052214000
-87.6,39.300000,GR,0.056661000
-87.5,39.300000,GR,0.061010000
-87.4,39.300000,GR,0.065152000
-87.3,39.300000,GR,0.068924000
-87.2,39.300000,GR,0.072147000
-87.1,39.300000,GR,0.074659000
-87.0,39.300000,GR,0.076341000
-86.9,39.300000,GR,0.077129000
-86.8,39.300000,GR,0.077006000
-86.7,39.300000,GR,0.076005000
-86.6,39.300000,GR,0.074198000
-86.5,39.300000,GR,0.071692000
-86.4,39.300000,GR,0.068617000
-86.3,39.300000,GR,0.065125000
-86.2,39.300000,GR,0.061372000
-86.1,39.300000,GR,0.057519000
-86.0,39.300000,GR,0.053716000
-85.9,39.300000,GR,0.050103000
-85.8,39.300000,GR,0.047138000
-89.8,39.400000,GR,0.036397000
-89.7,39.400000,GR,0.040653000
-89.6,39.400000,GR,0.045161000
-89.5,39.400000,GR,0.049260000
-89.4,39.400000,GR,0.052221000
-89.3,39.400000,GR,0.052312000
-89.2,39.400000,GR,0.049380000
-89.1,39.400000,GR,0.044990000
-89.0,39.400000,GR,0.039923000
-88.9,39.400000,GR,0.035009000
-88.8,39.400000,GR,0.031012000
-88.7,39.400000,GR,0.028333000
-88.6,39.400000,GR,0.027047000
-88.5,39.400000,GR,0.027013000
-88.4,39.400000,GR,0.027994000
-88.3,39.400000,GR,0.029749000
-88.2,39.400000,GR,0.032087000
-88.1,39.400000,GR,0.034871000
-88.0,39.400000,GR,0.038003000
-87.9,39.400000,GR,0.041406000
-87.8,39.400000,GR,0.045004000
-87.7,39.400000,GR,0.048789000
-87.6,39.400000,GR,0.053456000
-87.5,39.400000,GR,0.058021000
-87.4,39.400000,GR,0.062335000
-87.3,39.400000,GR,0.066238000
-87.2,39.400000,GR,0.069580000
-87.1,39.400000,GR,0.072227000
-87.0,39.400000,GR,0.074077000
-86.9,39.400000,GR,0.075070000
-86.8,39.400000,GR,0.075183000
-86.7,39.400000,GR,0.074438000
-86.6,39.400000,GR,0.072893000
-86.5,39.400000,GR,0.070642000
-86.4,39.400000,GR,0.067807000
-86.3,39.400000,GR,0.064529000
-86.2,39.400000,GR,0.060962000
-86.1,39.400000,GR,0.057262000
-86.0,39.400000,GR,0.053583000
-85.9,39.400000,GR,0.050063000
-85.8,39.400000,GR,0.047145000
-85.7,39.400000,GR,0.044862000
-89.7,39.500000,GR,0.028114000
-89.6,39.500000,GR,0.030562000
-89.5,39.500000,GR,0.032696000
-89.4,39.500000,GR,0.034045000
-89.3,39.500000,GR,0.034276000
-89.2,39.500000,GR,0.033342000
-89.1,39.500000,GR,0.031507000
-89.0,39.500000,GR,0.029246000
-88.9,39.500000,GR,0.027080000
-88.8,39.500000,GR,0.025428000
-88.7,39.500000,GR,0.024533000
-88.6,39.500000,GR,0.024461000
-88.5,39.500000,GR,0.025158000
-88.4,39.500000,GR,0.026510000
-88.3,39.500000,GR,0.028401000
-88.2,39.500000,GR,0.030732000
-88.1,39.500000,GR,0.033433000
-88.0,39.500000,GR,0.036446000
-87.9,39.500000,GR,0.039719000
-87.8,39.500000,GR,0.043190000
-87.7,39.500000,GR,0.046784000
-87.6,39.500000,GR,0.050922000
-87.5,39.500000,GR,0.055361000
-87.4,39.500000,GR,0.059566000
-87.3,39.500000,GR,0.063388000
-87.2,39.500000,GR,0.066691000
-87.1,39.500000,GR,0.069351000
-87.0,39.500000,GR,0.071271000
-86.9,39.500000,GR,0.072387000
-86.8,39.500000,GR,0.072671000
-86.7,39.500000,GR,0.072133000
-86.6,39.500000,GR,0.070820000
-86.5,39.500000,GR,0.068814000
-86.4,39.500000,GR,0.066226000
-86.3,39.500000,GR,0.063187000
-86.2,39.500000,GR,0.059842000
-86.1,39.500000,GR,0.056345000
-86.0,39.500000,GR,0.052842000
-85.9,39.500000,GR,0.049474000
-85.8,39.500000,GR,0.046761000
-85.7,39.500000,GR,0.044560000
-89.7,39.600000,GR,0.021738000
-89.6,39.600000,GR,0.022966000
-89.5,39.600000,GR,0.024064000
-89.4,39.600000,GR,0.024814000
-89.3,39.600000,GR,0.025073000
-89.2,39.600000,GR,0.024827000
-89.1,39.600000,GR,0.024208000
-89.0,39.600000,GR,0.023444000
-88.9,39.600000,GR,0.022788000
-88.8,39.600000,GR,0.022450000
-88.7,39.600000,GR,0.022557000
-88.6,39.600000,GR,0.023154000
-88.5,39.600000,GR,0.024227000
-88.4,39.600000,GR,0.025734000
-88.3,39.600000,GR,0.027628000
-88.2,39.600000,GR,0.029868000
-88.1,39.600000,GR,0.032421000
-88.0,39.600000,GR,0.035252000
-87.9,39.600000,GR,0.038322000
-87.8,39.600000,GR,0.041578000
-87.7,39.600000,GR,0.044953000
-87.6,39.600000,GR,0.048383000
-87.5,39.600000,GR,0.052570000
-87.4,39.600000,GR,0.056553000
-87.3,39.600000,GR,0.060197000
-87.2,39.600000,GR,0.063374000
-87.1,39.600000,GR,0.065969000
-87.0,39.600000,GR,0.067889000
-86.9,39.600000,GR,0.069068000
-86.8,39.600000,GR,0.069472000
-86.7,39.600000,GR,0.069104000
-86.6,39.600000,GR,0.068002000
-86.5,39.600000,GR,0.066234000
-86.4,39.600000,GR,0.063902000
-86.3,39.600000,GR,0.061124000
-86.2,39.600000,GR,0.058038000
-86.1,39.600000,GR,0.054786000
-86.0,39.600000,GR,0.051511000
-85.9,39.600000,GR,0.048348000
-85.8,39.600000,GR,0.045990000
-85.7,39.600000,GR,0.043910000
-89.7,39.700000,GR,0.018906000
-89.6,39.700000,GR,0.019502000
-89.5,39.700000,GR,0.020062000
-89.4,39.700000,GR,0.020500000
-89.3,39.700000,GR,0.020761000
-89.2,39.700000,GR,0.020849000
-89.1,39.700000,GR,0.020826000
-89.0,39.700000,GR,0.020799000
-88.9,39.700000,GR,0.020884000
-88.8,39.700000,GR,0.021179000
-88.7,39.700000,GR,0.021751000
-88.6,39.700000,GR,0.022629000
-88.5,39.700000,GR,0.023821000
-88.4,39.700000,GR,0.025319000
-88.3,39.700000,GR,0.027115000
-88.2,39.700000,GR,0.029195000
-88.1,39.700000,GR,0.031545000
-88.0,39.700000,GR,0.034144000
-87.9,39.700000,GR,0.036961000
-87.8,39.700000,GR,0.039950000
-87.7,39.700000,GR,0.043053000
-87.6,39.700000,GR,0.046195000
-87.5,39.700000,GR,0.049562000
-87.4,39.700000,GR,0.053259000
-87.3,39.700000,GR,0.056662000
-87.2,39.700000,GR,0.059653000
-87.1,39.700000,GR,0.062125000
-87.0,39.700000,GR,0.063989000
-86.9,39.700000,GR,0.065181000
-86.8,39.700000,GR,0.065664000
-86.7,39.700000,GR,0.065435000
-86.6,39.700000,GR,0.064523000
-86.5,39.700000,GR,0.062988000
-86.4,39.700000,GR,0.060917000
-86.3,39.700000,GR,0.058418000
-86.2,39.700000,GR,0.055618000
-86.1,39.700000,GR,0.052648000
-86.0,39.700000,GR,0.049643000
-85.9,39.700000,GR,0.047026000
-85.8,39.700000,GR,0.044859000
-85.7,39.700000,GR,0.042935000
-89.7,39.800000,GR,0.018054000
-89.6,39.800000,GR,0.018382000
-89.5,39.800000,GR,0.018711000
-89.4,39.800000,GR,0.019014000
-89.3,39.800000,GR,0.019275000
-89.2,39.800000,GR,0.019503000
-89.1,39.800000,GR,0.019731000
-89.0,39.800000,GR,0.020006000
-88.9,39.800000,GR,0.020384000
-88.8,39.800000,GR,0.020912000
-88.7,39.800000,GR,0.021628000
-88.6,39.800000,GR,0.022556000
-88.5,39.800000,GR,0.023711000
-88.4,39.800000,GR,0.025103000
-88.3,39.800000,GR,0.026736000
-88.2,39.800000,GR,0.028612000
-88.1,39.800000,GR,0.030724000
-88.0,39.800000,GR,0.033060000
-87.9,39.800000,GR,0.035592000
-87.8,39.800000,GR,0.038284000
-87.7,39.800000,GR,0.041083000
-87.6,39.800000,GR,0.043925000
-87.5,39.800000,GR,0.046735000
-87.4,39.800000,GR,0.049751000
-87.3,39.800000,GR,0.052867000
-87.2,39.800000,GR,0.055626000
-87.1,39.800000,GR,0.057928000
-87.0,39.800000,GR,0.059692000
-86.9,39.800000,GR,0.060855000
-86.8,39.800000,GR,0.061381000
-86.7,39.800000,GR,0.061262000
-86.6,39.800000,GR,0.060521000
-86.5,39.800000,GR,0.059208000
-86.4,39.800000,GR,0.057398000
-86.3,39.800000,GR,0.055189000
-86.2,39.800000,GR,0.052692000
-86.1,39.800000,GR,0.050029000
-86.0,39.800000,GR,0.047487000
-85.9,39.800000,GR,0.045380000
-85.8,39.800000,GR,0.043419000
-89.7,39.900000,GR,0.018287000
-89.6,39.900000,GR,0.018535000
-89.5,39.900000,GR,0.018790000
-89.4,39.900000,GR,0.019045000
-89.3,39.900000,GR,0.019301000
-89.2,39.900000,GR,0.019569000
-89.1,39.900000,GR,0.019867000
-89.0,39.900000,GR,0.020222000
-88.9,39.900000,GR,0.020663000
-88.8,39.900000,GR,0.021217000
-88.7,39.900000,GR,0.021911000
-88.6,39.900000,GR,0.022767000
-88.5,39.900000,GR,0.023802000
-88.4,39.900000,GR,0.025032000
-88.3,39.900000,GR,0.026466000
-88.2,39.900000,GR,0.028110000
-88.1,39.900000,GR,0.029964000
-88.0,39.900000,GR,0.032016000
-87.9,39.900000,GR,0.034246000
-87.8,39.900000,GR,0.036622000
-87.7,39.900000,GR,0.039098000
-87.6,39.900000,GR,0.041619000
-87.5,39.900000,GR,0.044120000
-87.4,39.900000,GR,0.046527000
-87.3,39.900000,GR,0.048938000
-87.2,39.900000,GR,0.051429000
-87.1,39.900000,GR,0.053525000
-87.0,39.900000,GR,0.055152000
-86.9,39.900000,GR,0.056252000
-86.8,39.900000,GR,0.056790000
-86.7,39.900000,GR,0.056755000
-86.6,39.900000,GR,0.056163000
-86.5,39.900000,GR,0.055057000
-86.4,39.900000,GR,0.053502000
-86.3,39.900000,GR,0.051582000
-86.2,39.900000,GR,0.049395000
-86.1,39.900000,GR,0.047256000
-86.0,39.900000,GR,0.045342000
-85.9,39.900000,GR,0.043476000
-85.8,39.900000,GR,0.041736000
-89.7,40.000000,GR,0.019160000
-89.6,40.000000,GR,0.019409000
-89.5,40.000000,GR,0.019654000
-89.4,40.000000,GR,0.019896000
-89.3,40.000000,GR,0.020141000
-89.2,40.000000,GR,0.020398000
-89.1,40.000000,GR,0.020683000
-89.0,40.000000,GR,0.021012000
-88.9,40.000000,GR,0.021408000
-88.8,40.000000,GR,0.021892000
-88.7,40.000000,GR,0.022485000
-88.6,40.000000,GR,0.023208000
-88.5,40.000000,GR,0.024079000
-88.4,40.000000,GR,0.025114000
-88.3,40.000000,GR,0.026326000
-88.2,40.000000,GR,0.027723000
-88.1,40.000000,GR,0.029303000
-88.0,40.000000,GR,0.031061000
-87.9,40.000000,GR,0.032978000
-87.8,40.000000,GR,0.035027000
-87.7,40.000000,GR,0.037171000
-87.6,40.000000,GR,0.039360000
-87.5,40.000000,GR,0.041539000
-87.4,40.000000,GR,0.043645000
-87.3,40.000000,GR,0.045611000
-87.2,40.000000,GR,0.047371000
-87.1,40.000000,GR,0.049078000
-87.0,40.000000,GR,0.050541000
-86.9,40.000000,GR,0.051550000
-86.8,40.000000,GR,0.052072000
-86.7,40.000000,GR,0.052095000
-86.6,40.000000,GR,0.051631000
-86.5,40.000000,GR,0.050714000
-86.4,40.000000,GR,0.049399000
-86.3,40.000000,GR,0.047807000
-86.2,40.000000,GR,0.046302000
-86.1,40.000000,GR,0.044681000
-86.0,40.000000,GR,0.043021000
-85.9,40.000000,GR,0.041400000
-89.6,40.100000,GR,0.020782000
-89.5,40.100000,GR,0.021042000
-89.4,40.100000,GR,0.021281000
-89.3,40.100000,GR,0.021507000
-89.2,40.100000,GR,0.021728000
-89.1,40.100000,GR,0.021959000
-89.0,40.100000,GR,0.022216000
-88.9,40.100000,GR,0.022517000
-88.8,40.100000,GR,0.022882000
-88.7,40.100000,GR,0.023332000
-88.6,40.100000,GR,0.023888000
-88.5,40.100000,GR,0.024567000
-88.4,40.100000,GR,0.025387000
-88.3,40.100000,GR,0.026361000
-88.2,40.100000,GR,0.027496000
-88.1,40.100000,GR,0.028794000
-88.0,40.100000,GR,0.030250000
-87.9,40.100000,GR,0.031849000
-87.8,40.100000,GR,0.033568000
-87.7,40.100000,GR,0.035375000
-87.6,40.100000,GR,0.037229000
-87.5,40.100000,GR,0.039083000
-87.4,40.100000,GR,0.040881000
-87.3,40.100000,GR,0.042568000
-87.2,40.100000,GR,0.044086000
-87.1,40.100000,GR,0.045380000
-87.0,40.100000,GR,0.046405000
-86.9,40.100000,GR,0.047123000
-86.8,40.100000,GR,0.047510000
-86.7,40.100000,GR,0.047557000
-86.6,40.100000,GR,0.047268000
-86.5,40.100000,GR,0.046668000
-86.4,40.100000,GR,0.045791000
-86.3,40.100000,GR,0.044686000
-86.2,40.100000,GR,0.043413000
-86.1,40.100000,GR,0.042036000
-86.0,40.100000,GR,0.040624000
-89.6,40.200000,GR,0.022606000
-89.5,40.200000,GR,0.022891000
-89.4,40.200000,GR,0.023131000
-89.3,40.200000,GR,0.023332000
-89.2,40.200000,GR,0.023503000
-89.1,40.200000,GR,0.023659000
-89.0,40.200000,GR,0.023815000
-88.9,40.200000,GR,0.023991000
-88.8,40.200000,GR,0.024207000
-88.7,40.200000,GR,0.024486000
-88.6,40.200000,GR,0.024848000
-88.5,40.200000,GR,0.025313000
-88.4,40.200000,GR,0.025899000
-88.3,40.200000,GR,0.026618000
-88.2,40.200000,GR,0.027480000
-88.1,40.200000,GR,0.028487000
-88.0,40.200000,GR,0.029636000
-87.9,40.200000,GR,0.030915000
-87.8,40.200000,GR,0.032304000
-87.7,40.200000,GR,0.033777000
-87.6,40.200000,GR,0.035300000
-87.5,40.200000,GR,0.036830000
-87.4,40.200000,GR,0.038324000
-87.3,40.200000,GR,0.039731000
-87.2,40.200000,GR,0.041004000
-87.1,40.200000,GR,0.042096000
-87.0,40.200000,GR,0.042966000
-86.9,40.200000,GR,0.043583000
-86.8,40.200000,GR,0.043925000
-86.7,40.200000,GR,0.043982000
-86.6,40.200000,GR,0.043757000
-86.5,40.200000,GR,0.043270000
-86.4,40.200000,GR,0.042548000
-86.3,40.200000,GR,0.041632000
-86.2,40.200000,GR,0.040572000
-86.1,40.200000,GR,0.039422000
-89.5,40.300000,GR,0.025227000
-89.4,40.300000,GR,0.025472000
-89.3,40.300000,GR,0.025645000
-89.2,40.300000,GR,0.025756000
-89.1,40.300000,GR,0.025819000
-89.0,40.300000,GR,0.025852000
-88.9,40.300000,GR,0.025877000
-88.8,40.300000,GR,0.025918000
-88.7,40.300000,GR,0.025997000
-88.6,40.300000,GR,0.026139000
-88.5,40.300000,GR,0.026366000
-88.4,40.300000,GR,0.026696000
-88.3,40.300000,GR,0.027144000
-88.2,40.300000,GR,0.027719000
-88.1,40.300000,GR,0.028427000
-88.0,40.300000,GR,0.029264000
-87.9,40.300000,GR,0.030222000
-87.8,40.300000,GR,0.031285000
-87.7,40.300000,GR,0.032430000
-87.6,40.300000,GR,0.033628000
-87.5,40.300000,GR,0.034843000
-87.4,40.300000,GR,0.036039000
-87.3,40.300000,GR,0.037173000
-87.2,40.300000,GR,0.038204000
-87.1,40.300000,GR,0.039093000
-87.0,40.300000,GR,0.039806000
-86.9,40.300000,GR,0.040315000
-86.8,40.300000,GR,0.040600000
-86.7,40.300000,GR,0.040652000
-86.6,40.300000,GR,0.040473000
-86.5,40.300000,GR,0.040077000
-86.4,40.300000,GR,0.039488000
-86.3,40.300000,GR,0.038737000
-86.2,40.300000,GR,0.037867000
-89.5,40.400000,GR,0.028104000
-89.4,40.400000,GR,0.028361000
-89.3,40.400000,GR,0.028504000
-89.2,40.400000,GR,0.028546000
-89.1,40.400000,GR,0.028500000
-89.0,40.400000,GR,0.028389000
-88.9,40.400000,GR,0.028237000
-88.8,40.400000,GR,0.028071000
-88.7,40.400000,GR,0.027921000
-88.6,40.400000,GR,0.027813000
-88.5,40.400000,GR,0.027773000
-88.4,40.400000,GR,0.027822000
-88.3,40.400000,GR,0.027977000
-88.2,40.400000,GR,0.028251000
-88.1,40.400000,GR,0.028649000
-88.0,40.400000,GR,0.029169000
-87.9,40.400000,GR,0.029806000
-87.8,40.400000,GR,0.030546000
-87.7,40.400000,GR,0.031370000
-87.6,40.400000,GR,0.032252000
-87.5,40.400000,GR,0.033164000
-87.4,40.400000,GR,0.034072000
-87.3,40.400000,GR,0.034943000
-87.2,40.400000,GR,0.035740000
-87.1,40.400000,GR,0.036432000
-87.0,40.400000,GR,0.036987000
-86.9,40.400000,GR,0.037383000
-86.8,40.400000,GR,0.037603000
-86.7,40.400000,GR,0.037637000
-86.6,40.400000,GR,0.037487000
-86.5,40.400000,GR,0.037163000
-86.4,40.400000,GR,0.036682000
-89.4,40.500000,GR,0.031855000
-89.3,40.500000,GR,0.031972000
-89.2,40.500000,GR,0.031935000
-89.1,40.500000,GR,0.031765000
-89.0,40.500000,GR,0.031485000
-88.9,40.500000,GR,0.031125000
-88.8,40.500000,GR,0.030721000
-88.7,40.500000,GR,0.030305000
-88.6,40.500000,GR,0.029912000
-88.5,40.500000,GR,0.029572000
-88.4,40.500000,GR,0.029311000
-88.3,40.500000,GR,0.029150000
-88.2,40.500000,GR,0.029102000
-88.1,40.500000,GR,0.029177000
-88.0,40.500000,GR,0.029373000
-87.9,40.500000,GR,0.029687000
-87.8,40.500000,GR,0.030108000
-87.7,40.500000,GR,0.030617000
-87.6,40.500000,GR,0.031195000
-87.5,40.500000,GR,0.031815000
-87.4,40.500000,GR,0.032449000
-87.3,40.500000,GR,0.033067000
-87.2,40.500000,GR,0.033641000
-87.1,40.500000,GR,0.034141000
-87.0,40.500000,GR,0.034543000
-86.9,40.500000,GR,0.034825000
-86.8,40.500000,GR,0.034973000
-86.7,40.500000,GR,0.034979000
-86.6,40.500000,GR,0.034842000
-89.3,40.600000,GR,0.036089000
-89.2,40.600000,GR,0.035969000
-89.1,40.600000,GR,0.035656000
-89.0,40.600000,GR,0.035181000
-88.9,40.600000,GR,0.034582000
-88.8,40.600000,GR,0.033901000
-88.7,40.600000,GR,0.033181000
-88.6,40.600000,GR,0.032464000
-88.5,40.600000,GR,0.031787000
-88.4,40.600000,GR,0.031183000
-88.3,40.600000,GR,0.030677000
-88.2,40.600000,GR,0.030287000
-88.1,40.600000,GR,0.030022000
-88.0,40.600000,GR,0.029885000
-87.9,40.600000,GR,0.029873000
-87.8,40.600000,GR,0.029976000
-87.7,40.600000,GR,0.030178000
-87.6,40.600000,GR,0.030460000
-87.5,40.600000,GR,0.030800000
-87.4,40.600000,GR,0.031172000
-87.3,40.600000,GR,0.031552000
-87.2,40.600000,GR,0.031913000
-87.1,40.600000,GR,0.032230000
-87.0,40.600000,GR,0.032482000
-86.9,40.600000,GR,0.032651000
-86.8,40.600000,GR,0.032724000
-89.2,40.700000,GR,0.040655000
-89.1,40.700000,GR,0.040184000
-89.0,40.700000,GR,0.039489000
-88.9,40.700000,GR,0.038616000
-88.8,40.700000,GR,0.037620000
-88.7,40.700000,GR,0.036554000
-88.6,40.700000,GR,0.035472000
-88.5,40.700000,GR,0.034419000
-88.4,40.700000,GR,0.033438000
-88.3,40.700000,GR,0.032557000
-88.2,40.700000,GR,0.031800000
-88.1,40.700000,GR,0.031179000
-88.0,40.700000,GR,0.030699000
-87.9,40.700000,GR,0.030357000
-87.8,40.700000,GR,0.030142000
-87.7,40.700000,GR,0.030042000
-87.6,40.700000,GR,0.030038000
-87.5,40.700000,GR,0.030109000
-87.4,40.700000,GR,0.030233000
-87.3,40.700000,GR,0.030386000
-87.2,40.700000,GR,0.030545000
-87.1,40.700000,GR,0.030688000
-87.0,40.700000,GR,0.030796000
-86.9,40.700000,GR,0.030854000
-89.0,40.800000,GR,0.044367000
-88.9,40.800000,GR,0.043190000
-88.8,40.800000,GR,0.041842000
-88.7,40.800000,GR,0.040391000
-88.6,40.800000,GR,0.038904000
-88.5,40.800000,GR,0.037439000
-88.4,40.800000,GR,0.036046000
-88.3,40.800000,GR,0.034763000
-88.2,40.800000,GR,0.033618000
-88.1,40.800000,GR,0.032626000
-88.0,40.800000,GR,0.031793000
-87.9,40.800000,GR,0.031116000
-87.8,40.800000,GR,0.030586000
-87.7,40.800000,GR,0.030189000
-87.6,40.800000,GR,0.029908000
-87.5,40.800000,GR,0.029721000
-87.4,40.800000,GR,0.029607000
-87.3,40.800000,GR,0.029545000
-87.2,40.800000,GR,0.029513000
-88.9,40.900000,GR,0.048413000
-88.8,40.900000,GR,0.046475000
-88.7,40.900000,GR,0.044608000
-88.6,40.900000,GR,0.042685000
-88.5,40.900000,GR,0.040778000
-88.4,40.900000,GR,0.038948000
-88.3,40.900000,GR,0.037242000
-88.2,40.900000,GR,0.035692000
-88.1,40.900000,GR,0.034318000
-88.0,40.900000,GR,0.033126000
-87.9,40.900000,GR,0.032114000
-87.8,40.900000,GR,0.031272000
-87.7,40.900000,GR,0.030586000
-87.6,40.900000,GR,0.030036000
-87.5,40.900000,GR,0.029602000
-87.4,40.900000,GR,0.029263000
-89.0,41.000000,GR,0.057346000
-88.9,41.000000,GR,0.055035000
-88.8,41.000000,GR,0.052379000
-88.7,41.000000,GR,0.049505000
-88.6,41.000000,GR,0.046687000
-88.5,41.000000,GR,0.044324000
-88.4,41.000000,GR,0.042045000
-88.3,41.000000,GR,0.039907000
-88.2,41.000000,GR,0.037947000
-88.1,41.000000,GR,0.036189000
-89.1,41.100000,GR,0.066586000
-89.0,41.100000,GR,0.064418000
-88.9,41.100000,GR,0.061689000
-88.8,41.100000,GR,0.058547000
-88.7,41.100000,GR,0.055139000
-88.6,41.100000,GR,0.051613000
-88.5,41.100000,GR,0.048097000
-88.4,41.100000,GR,0.045203000
-88.3,41.100000,GR,0.042642000
-88.2,41.100000,GR,0.040284000
-89.1,41.200000,GR,0.073564000
-89.0,41.200000,GR,0.071104000
-88.9,41.200000,GR,0.067997000
-88.8,41.200000,GR,0.064409000
-88.7,41.200000,GR,0.060513000
-88.6,41.200000,GR,0.056475000
-88.5,41.200000,GR,0.052442000
-88.4,41.200000,GR,0.048536000
-88.3,41.200000,GR,0.045309000
-89.2,41.300000,GR,0.081452000
-89.1,41.300000,GR,0.079643000
-89.0,41.300000,GR,0.076953000
-88.9,41.300000,GR,0.073540000
-88.8,41.300000,GR,0.069588000
-88.7,41.300000,GR,0.065287000
-88.6,41.300000,GR,0.060822000
-88.5,41.300000,GR,0.056356000
-88.4,41.300000,GR,0.052022000
-89.2,41.400000,GR,0.086251000
-89.1,41.400000,GR,0.084368000
-89.0,41.400000,GR,0.081534000
-88.9,41.400000,GR,0.077919000
-88.8,41.400000,GR,0.073718000
-88.7,41.400000,GR,0.069135000
-88.6,41.400000,GR,0.064366000
-88.5,41.400000,GR,0.059587000
-89.2,41.500000,GR,0.089250000
-89.1,41.500000,GR,0.087369000
-89.0,41.500000,GR,0.084497000
-88.9,41.500000,GR,0.080807000
-88.8,41.500000,GR,0.076500000
-88.7,41.500000,GR,0.071786000
-89.1,41.600000,GR,0.088427000
-89.0,41.600000,GR,0.085631000
-88.9,41.600000,GR,0.082005000
-88.8,41.600000,GR,0.077749000
